{
  "IcoMoonType": "selection",
  "icons": [
    {
      "icon": {
        "paths": [
          "M649.714 573.714l174.857-169.714-241.143-35.429-108-218.286-108 218.286-241.143 35.429 174.857 169.714-41.714 240.571 216-113.714 215.429 113.714zM950.857 369.714c0 10.286-7.429 20-14.857 27.429l-207.429 202.286 49.143 285.714c0.571 4 0.571 7.429 0.571 11.429 0 15.429-6.857 28.571-23.429 28.571-8 0-16-2.857-22.857-6.857l-256.571-134.857-256.571 134.857c-7.429 4-14.857 6.857-22.857 6.857-16.571 0-24-13.714-24-28.571 0-4 0.571-7.429 1.143-11.429l49.143-285.714-208-202.286c-6.857-7.429-14.286-17.143-14.286-27.429 0-17.143 17.714-24 32-26.286l286.857-41.714 128.571-260c5.143-10.857 14.857-23.429 28-23.429s22.857 12.571 28 23.429l128.571 260 286.857 41.714c13.714 2.286 32 9.143 32 26.286z"
        ],
        "width": 950.8571428571428,
        "attrs": [],
        "isMulticolor": false,
        "isMulticolor2": false,
        "tags": [
          "star-o"
        ],
        "defaultCode": 61446,
        "grid": 14
      },
      "attrs": [],
      "properties": {
        "name": "star-o",
        "id": 10,
        "order": 20,
        "prevSize": 28
      },
      "setIdx": 5,
      "setId": 5,
      "iconIdx": 10
    }
  ],
  "height": 1024,
  "preferences": {
    "showGlyphs": true,
    "showQuickUse": true,
    "showQuickUse2": true,
    "showSVGs": true,
    "fontPref": {
      "prefix": "icon-",
      "metadata": {
        "fontFamily": "icomoon"
      },
      "metrics": {
        "emSize": 1024,
        "baseline": 6.25,
        "whitespace": 50
      },
      "embed": false
    },
    "imagePref": {
      "prefix": "icon-",
      "png": false,
      "useClassSelector": true,
      "color": 0,
      "bgColor": 16777215,
      "classSelector": ".icon",
      "name": "icomoon",
      "height": 32,
      "columns": 16,
      "margin": 16
    },
    "historySize": 50,
    "showCodes": true,
    "gridSize": 16
  }
}